id_booking,is_cancelled
47,0.0
132,1.0
164,0.0
171,0.0
178,0.0
205,0.0
232,0.0
235,1.0
237,0.0
240,0.0
258,0.0
291,1.0
317,0.0
337,0.0
356,1.0
357,0.0
385,1.0
386,1.0
408,0.0
412,0.0
478,1.0
499,0.0
503,0.0
523,0.0
533,0.0
573,0.0
575,1.0
583,1.0
588,0.0
599,0.0
655,0.0
674,0.0
762,0.0
810,0.0
840,0.0
865,1.0
895,0.0
938,1.0
960,0.0
963,0.0
972,1.0
993,1.0
1033,0.0
1085,0.0
1101,0.0
1140,0.0
1155,1.0
1156,0.0
1195,0.0
1223,0.0
1234,0.0
1236,0.0
1237,1.0
1249,1.0
1252,0.0
1288,0.0
1296,1.0
1298,1.0
1309,1.0
1315,0.0
1349,1.0
1408,0.0
1422,1.0
1425,0.0
1427,0.0
1428,0.0
1437,0.0
1439,0.0
1458,1.0
1472,0.0
1487,0.0
1491,1.0
1551,0.0
1591,1.0
1639,0.0
1648,0.0
1649,0.0
1699,0.0
1770,1.0
1789,0.0
1801,0.0
1817,0.0
1863,0.0
1933,0.0
1969,0.0
1981,0.0
2016,0.0
2022,0.0
2023,1.0
2027,0.0
2046,0.0
2057,1.0
2077,0.0
2099,0.0
2103,0.0
2120,1.0
2144,0.0
2166,0.0
2171,0.0
2190,1.0
2201,0.0
2250,0.0
2265,0.0
2295,0.0
2303,0.0
2334,0.0
2356,0.0
2387,0.0
2388,0.0
2425,0.0
2429,0.0
2435,0.0
2465,1.0
2473,0.0
2475,1.0
2476,0.0
2488,0.0
2489,0.0
2518,0.0
2520,0.0
2575,0.0
2583,0.0
2604,0.0
2649,0.0
2671,0.0
2672,1.0
2691,0.0
2697,0.0
2710,0.0
2717,0.0
2774,1.0
2780,0.0
2789,1.0
2816,1.0
2834,0.0
2877,0.0
2908,0.0
2912,0.0
2930,0.0
2933,0.0
2962,0.0
2976,0.0
2994,1.0
3002,0.0
3011,1.0
3015,0.0
3024,1.0
3030,0.0
3031,1.0
3046,0.0
3096,1.0
3135,0.0
3145,0.0
3155,0.0
3157,0.0
3195,0.0
3207,0.0
3232,0.0
3246,0.0
3250,0.0
3252,0.0
3281,0.0
3284,0.0
3332,1.0
3390,1.0
3392,1.0
3425,0.0
3433,1.0
3448,0.0
3478,1.0
3480,1.0
3527,0.0
3549,1.0
3604,0.0
3612,0.0
3650,0.0
3658,0.0
3681,0.0
3698,0.0
3699,0.0
3702,0.0
3708,0.0
3711,1.0
3715,0.0
3719,0.0
3731,0.0
3741,0.0
3766,0.0
3804,1.0
3805,0.0
3867,1.0
3871,0.0
3883,1.0
3947,1.0
3966,0.0
3974,0.0
4031,1.0
4035,1.0
4062,1.0
4089,1.0
4095,0.0
4100,1.0
4104,1.0
4109,1.0
4129,0.0
4156,0.0
4168,0.0
4208,1.0
4212,1.0
4237,1.0
4239,1.0
4271,0.0
4290,1.0
4309,1.0
4323,1.0
4355,0.0
4369,0.0
4398,1.0
4401,1.0
4410,0.0
4419,1.0
4426,1.0
4437,0.0
4462,0.0
4469,1.0
4485,0.0
4539,0.0
4561,0.0
4577,0.0
4580,0.0
4583,0.0
4586,0.0
4587,1.0
4594,0.0
4613,1.0
4619,1.0
4666,1.0
4668,0.0
4699,1.0
4755,0.0
4777,1.0
4787,0.0
4801,0.0
4808,0.0
4823,1.0
4850,0.0
4868,0.0
4877,1.0
4883,0.0
4899,1.0
4953,0.0
4956,1.0
4960,0.0
4995,1.0
5012,1.0
5056,0.0
5080,0.0
5082,0.0
5103,0.0
5115,0.0
5122,1.0
5124,0.0
5152,1.0
5185,0.0
5204,0.0
5209,0.0
5245,1.0
5262,0.0
5287,0.0
5306,1.0
5311,0.0
5337,1.0
5351,1.0
5354,1.0
5439,1.0
5468,1.0
5479,0.0
5484,0.0
5504,0.0
5542,0.0
5552,0.0
5579,1.0
5594,0.0
5604,0.0
5626,0.0
5652,1.0
5654,1.0
5658,1.0
5662,0.0
5680,1.0
5681,1.0
5730,0.0
5735,0.0
5748,0.0
5768,1.0
5792,0.0
5845,1.0
5886,0.0
5903,0.0
5906,0.0
5914,0.0
5917,0.0
5925,0.0
5942,1.0
5956,1.0
5975,1.0
5984,1.0
6006,0.0
6023,1.0
6040,0.0
6083,0.0
6114,1.0
6160,1.0
6189,0.0
6193,0.0
6201,0.0
6215,0.0
6219,1.0
6279,1.0
6337,1.0
6345,0.0
6374,0.0
6393,0.0
6402,0.0
6408,0.0
6445,0.0
6452,1.0
6472,1.0
6491,0.0
6495,0.0
6499,1.0
6501,0.0
6522,0.0
6530,0.0
6552,0.0
6579,0.0
6582,0.0
6644,0.0
6648,0.0
6703,0.0
6754,1.0
6761,0.0
6787,1.0
6794,0.0
6801,1.0
6846,0.0
6858,0.0
6873,0.0
6887,1.0
6909,0.0
6926,1.0
6943,1.0
6950,0.0
6971,0.0
6990,1.0
7027,1.0
7048,1.0
7091,0.0
7099,1.0
7124,0.0
7167,0.0
7201,1.0
7203,0.0
7205,1.0
7222,0.0
7227,1.0
7229,0.0
7234,1.0
7249,0.0
7287,0.0
7299,1.0
7309,1.0
7325,1.0
7377,1.0
7378,1.0
7388,0.0
7405,1.0
7427,1.0
7432,0.0
7441,0.0
7460,0.0
7493,1.0
7497,1.0
7500,0.0
7502,1.0
7509,1.0
7523,0.0
7533,0.0
7534,1.0
7551,1.0
7587,1.0
7598,0.0
7599,1.0
7609,1.0
7669,1.0
7687,1.0
7782,0.0
7786,1.0
7792,1.0
7807,1.0
7830,1.0
7877,1.0
7907,0.0
7908,1.0
7916,1.0
7923,0.0
8004,1.0
8007,1.0
8031,1.0
8073,1.0
8076,1.0
8080,1.0
8094,0.0
8111,1.0
8117,1.0
8141,1.0
8160,1.0
8163,0.0
8194,1.0
8211,0.0
8217,0.0
8225,0.0
8276,1.0
8305,0.0
8309,1.0
8311,1.0
8323,1.0
8348,1.0
8383,0.0
8425,1.0
8442,1.0
8485,1.0
8493,1.0
8496,1.0
8555,1.0
8557,0.0
8559,0.0
8561,0.0
8563,0.0
8571,0.0
8586,0.0
8591,0.0
8642,1.0
8645,1.0
8670,1.0
8686,1.0
8691,1.0
8695,0.0
8726,0.0
8749,0.0
8750,0.0
8780,1.0
8786,0.0
8788,0.0
8790,1.0
8812,1.0
8835,1.0
8845,0.0
8852,0.0
8911,0.0
8921,0.0
8927,0.0
8928,0.0
8979,1.0
8987,1.0
8994,1.0
9029,0.0
9039,1.0
9062,0.0
9078,1.0
9084,1.0
9117,0.0
9154,0.0
9169,0.0
9190,1.0
9233,0.0
9245,1.0
9266,1.0
9276,0.0
9302,1.0
9340,1.0
9364,1.0
9376,0.0
9384,0.0
9449,1.0
9491,1.0
9518,0.0
9523,1.0
9524,0.0
9552,0.0
9555,0.0
9578,0.0
9582,0.0
9613,1.0
9632,0.0
9646,0.0
9686,0.0
9695,1.0
9715,1.0
9722,0.0
9727,0.0
9751,1.0
9771,1.0
9836,1.0
9862,0.0
9867,0.0
9888,0.0
9896,1.0
9927,0.0
9965,0.0
9979,0.0
9983,0.0
9992,0.0
9997,0.0
10010,0.0
10015,0.0
10023,0.0
10027,0.0
10052,1.0
10084,0.0
10093,0.0
10127,0.0
10135,0.0
10150,0.0
10151,1.0
10206,1.0
10218,1.0
10221,1.0
10256,1.0
10260,1.0
10262,1.0
10263,1.0
10287,0.0
10291,0.0
10333,0.0
10346,1.0
10351,1.0
10362,1.0
10383,1.0
10388,0.0
10400,0.0
10408,1.0
10410,0.0
10417,1.0
10418,0.0
10435,0.0
10502,0.0
10524,0.0
10528,1.0
10588,0.0
10596,0.0
10614,0.0
10615,1.0
10628,0.0
10677,1.0
10687,1.0
10692,1.0
10694,1.0
10724,1.0
10740,0.0
10746,0.0
10774,1.0
10782,1.0
10791,1.0
10801,1.0
10816,0.0
10881,1.0
10901,1.0
10909,0.0
10951,0.0
10960,1.0
10986,1.0
11001,1.0
11017,1.0
11034,0.0
11039,1.0
11081,0.0
11100,1.0
11111,0.0
11132,1.0
11172,0.0
11184,1.0
11208,0.0
11289,0.0
11328,1.0
11340,1.0
11347,1.0
11386,1.0
11388,1.0
11391,1.0
11434,1.0
11477,0.0
11516,1.0
11563,1.0
11678,1.0
11681,0.0
11685,1.0
11695,0.0
11705,0.0
11717,0.0
11718,1.0
11726,1.0
11807,1.0
11817,1.0
11830,1.0
11864,0.0
11880,0.0
11882,0.0
11886,1.0
11900,1.0
11918,1.0
11929,1.0
11942,1.0
11991,0.0
12021,0.0
12027,0.0
12030,0.0
12056,0.0
12058,0.0
12105,1.0
12118,1.0
12119,0.0
12152,0.0
12165,1.0
12217,0.0
12230,0.0
12244,0.0
12246,1.0
12247,0.0
12250,0.0
12257,1.0
12258,0.0
12264,1.0
12267,1.0
12302,1.0
12316,0.0
12342,1.0
12370,0.0
12379,0.0
12392,0.0
12409,0.0
12440,0.0
12457,1.0
12466,1.0
12479,1.0
12489,0.0
12517,0.0
12551,1.0
12599,1.0
12628,1.0
12673,1.0
12676,0.0
12717,0.0
12752,1.0
12759,0.0
12781,0.0
12788,1.0
12859,0.0
12870,0.0
12874,0.0
12919,0.0
12932,0.0
12943,1.0
12944,1.0
12951,0.0
12953,1.0
12981,0.0
13022,1.0
13028,0.0
13042,1.0
13046,0.0
13056,1.0
13097,0.0
13106,1.0
13114,1.0
13136,0.0
13171,0.0
13179,0.0
13200,0.0
13209,1.0
13214,1.0
13233,0.0
13261,1.0
13390,0.0
13442,1.0
13450,0.0
13465,1.0
13471,1.0
13495,1.0
13510,0.0
13572,1.0
13622,1.0
13623,0.0
13630,1.0
13693,1.0
13696,1.0
13712,0.0
13753,1.0
13758,1.0
13768,1.0
13780,1.0
13789,0.0
13794,0.0
13801,0.0
13804,0.0
13815,0.0
13865,0.0
13924,0.0
13941,0.0
13957,0.0
13976,0.0
14020,0.0
14057,0.0
14103,0.0
14105,0.0
14106,0.0
14119,0.0
14153,0.0
14176,0.0
14182,1.0
14187,0.0
14214,0.0
14223,0.0
14232,0.0
14260,0.0
14265,0.0
14311,0.0
14312,0.0
14321,0.0
14322,0.0
14368,0.0
14398,0.0
14492,0.0
14494,0.0
14499,1.0
14503,0.0
14510,0.0
14532,1.0
14536,1.0
14540,0.0
14559,0.0
14573,0.0
14615,0.0
14641,0.0
14648,1.0
14683,1.0
14728,1.0
14760,1.0
14765,1.0
14838,1.0
14846,1.0
14850,1.0
14892,1.0
14928,0.0
14955,0.0
14989,1.0
15005,1.0
15013,1.0
15016,1.0
15028,0.0
15111,1.0
15141,0.0
15179,1.0
15180,1.0
15183,1.0
15208,1.0
15215,1.0
15242,0.0
15252,1.0
15274,0.0
15280,0.0
15285,0.0
15307,1.0
15312,1.0
15339,1.0
15359,0.0
15363,0.0
15365,0.0
15371,0.0
15398,0.0
15428,0.0
15453,0.0
15465,0.0
15467,0.0
15477,0.0
15485,0.0
15509,0.0
15569,1.0
15622,1.0
15632,1.0
15651,0.0
15695,0.0
15710,1.0
15724,1.0
15760,1.0
15773,1.0
15782,0.0
15791,0.0
15799,1.0
15800,0.0
15802,0.0
15815,1.0
15830,0.0
15836,0.0
15867,0.0
15993,0.0
16005,0.0
16006,1.0
16007,0.0
16051,0.0
16052,0.0
16053,0.0
16066,0.0
16068,0.0
16081,1.0
16088,0.0
16092,1.0
16093,0.0
16135,1.0
16138,1.0
16156,0.0
16172,0.0
16174,0.0
16188,0.0
16215,0.0
16216,0.0
16225,0.0
16251,0.0
16289,1.0
16319,0.0
16322,0.0
16330,0.0
16331,0.0
16333,0.0
16364,1.0
16392,1.0
16554,1.0
16557,1.0
16564,1.0
16569,1.0
16599,1.0
16630,1.0
16711,0.0
16763,0.0
16784,0.0
16813,1.0
16858,0.0
16860,0.0
16863,0.0
16873,0.0
16875,0.0
16879,0.0
16880,0.0
16909,1.0
16926,0.0
16929,0.0
16939,0.0
17021,1.0
17027,1.0
17062,0.0
17069,1.0
17073,0.0
17076,1.0
17151,1.0
17168,1.0
17170,0.0
17182,0.0
17186,0.0
17206,0.0
17236,1.0
17243,1.0
17246,1.0
17256,1.0
17258,1.0
17278,0.0
17280,0.0
17295,0.0
17311,0.0
17314,0.0
17328,0.0
17336,0.0
17376,1.0
17399,0.0
17402,0.0
17404,0.0
17414,0.0
17471,0.0
17472,1.0
17473,0.0
17552,0.0
17568,1.0
17579,0.0
17596,0.0
17609,0.0
17618,0.0
17632,0.0
17683,1.0
17702,0.0
17708,0.0
17782,0.0
17865,0.0
17867,0.0
17919,0.0
17922,0.0
17936,0.0
17977,0.0
17979,1.0
17985,0.0
17992,0.0
18007,0.0
18036,0.0
18043,0.0
18070,0.0
18103,0.0
18116,0.0
18120,0.0
18194,0.0
18195,0.0
18198,0.0
18231,0.0
18249,0.0
18264,0.0
18281,0.0
18296,0.0
18308,0.0
18350,1.0
18353,1.0
18357,1.0
18361,1.0
18373,0.0
18404,0.0
18438,0.0
18470,0.0
18483,0.0
18518,0.0
18558,0.0
18560,0.0
18575,0.0
18607,0.0
18618,1.0
18657,0.0
18698,0.0
18706,0.0
18738,0.0
18746,0.0
18750,0.0
18756,0.0
18759,0.0
18780,0.0
18787,0.0
18832,0.0
18859,0.0
18860,0.0
18890,0.0
18893,0.0
18900,0.0
18913,0.0
18926,0.0
18963,0.0
18966,0.0
18984,0.0
19013,1.0
19079,0.0
19087,1.0
19142,0.0
19187,1.0
19198,1.0
19261,0.0
19285,1.0
19289,0.0
19299,0.0
19318,0.0
19336,0.0
19353,0.0
19357,0.0
19378,0.0
19437,0.0
19448,1.0
19456,0.0
19489,1.0
19505,0.0
19530,0.0
19568,0.0
19592,0.0
19597,1.0
19600,1.0
19603,0.0
19615,0.0
19635,0.0
19641,0.0
19646,0.0
19682,0.0
19689,0.0
19718,0.0
19743,0.0
19751,0.0
19768,0.0
19773,0.0
19775,0.0
19817,0.0
19823,0.0
19854,0.0
19863,0.0
19869,0.0
19907,0.0
19936,0.0
19956,0.0
19999,0.0
20031,0.0
20099,0.0
20177,0.0
20178,0.0
20189,0.0
20209,0.0
20244,0.0
20247,0.0
20260,0.0
20270,0.0
20309,0.0
20325,0.0
20332,0.0
20349,0.0
20375,0.0
20376,0.0
20398,0.0
20403,0.0
20407,0.0
20422,0.0
20517,0.0
20521,0.0
20541,0.0
20553,0.0
20573,0.0
20574,0.0
20589,0.0
20617,0.0
20631,0.0
20640,0.0
20669,0.0
20674,1.0
20718,0.0
20722,1.0
20775,0.0
20777,0.0
20804,0.0
20836,0.0
20843,0.0
20859,0.0
20907,0.0
20910,0.0
20917,0.0
20920,0.0
20924,0.0
20939,0.0
20962,0.0
21001,0.0
21006,1.0
21009,0.0
21026,1.0
21052,0.0
21061,0.0
21097,0.0
21105,0.0
21116,0.0
21119,0.0
21131,1.0
21148,0.0
21174,1.0
21188,0.0
21247,0.0
21310,0.0
21318,0.0
21358,0.0
21361,0.0
21429,0.0
21438,0.0
21439,0.0
21457,0.0
21477,1.0
21484,0.0
21528,0.0
21538,0.0
21549,0.0
21593,1.0
21631,0.0
21684,0.0
21728,0.0
21769,0.0
21785,0.0
21845,0.0
21857,0.0
21858,0.0
21921,0.0
21940,1.0
21951,1.0
21977,0.0
21985,0.0
22009,0.0
22034,0.0
22040,0.0
22050,0.0
22058,0.0
22074,0.0
22088,0.0
22107,0.0
22122,0.0
22150,1.0
22156,0.0
22169,0.0
22193,0.0
22215,0.0
22224,0.0
22307,0.0
22367,0.0
22401,1.0
22402,1.0
22420,0.0
22443,0.0
22447,0.0
22458,0.0
22489,0.0
22492,1.0
22549,0.0
22550,0.0
22556,1.0
22575,0.0
22588,0.0
22606,0.0
22614,0.0
22622,0.0
22628,0.0
22635,0.0
22636,0.0
22645,0.0
22675,1.0
22682,0.0
22696,0.0
22714,0.0
22732,0.0
22760,0.0
22813,0.0
22834,1.0
22859,0.0
22863,0.0
22933,0.0
22935,1.0
22940,0.0
22943,0.0
22950,0.0
22958,1.0
23013,0.0
23018,0.0
23019,1.0
23027,0.0
23080,0.0
23098,0.0
23158,1.0
23171,0.0
23213,1.0
23221,0.0
23226,0.0
23228,0.0
23231,0.0
23233,0.0
23246,0.0
23251,0.0
23258,1.0
23266,0.0
23310,0.0
23313,0.0
23321,0.0
23330,0.0
23333,0.0
23355,0.0
23356,0.0
23363,0.0
23372,0.0
23374,0.0
23386,0.0
23396,0.0
23410,0.0
23452,0.0
23463,0.0
23464,0.0
23483,0.0
23501,0.0
23539,0.0
23543,0.0
23548,1.0
23553,1.0
23583,0.0
23631,0.0
23687,0.0
23730,0.0
23747,0.0
23838,0.0
23870,0.0
23900,0.0
23931,0.0
23941,1.0
23988,0.0
23993,0.0
24015,0.0
24016,0.0
24025,0.0
24033,0.0
24090,0.0
24092,0.0
24093,0.0
24106,0.0
24111,0.0
24159,0.0
24164,0.0
24235,0.0
24239,1.0
24248,1.0
24249,0.0
24251,1.0
24260,0.0
24297,0.0
24337,0.0
24369,0.0
24373,1.0
24383,0.0
24384,0.0
24412,0.0
24421,0.0
24447,0.0
24465,1.0
24499,1.0
24506,0.0
24543,0.0
24552,0.0
24577,0.0
24593,0.0
24614,0.0
24616,0.0
24640,0.0
24641,0.0
24643,0.0
24652,0.0
24662,0.0
24679,0.0
24690,0.0
24707,0.0
24739,0.0
24755,0.0
24794,0.0
24807,0.0
24891,1.0
24931,0.0
24932,0.0
24939,0.0
24961,0.0
24974,0.0
24995,0.0
25011,0.0
25015,1.0
25034,0.0
25037,0.0
25105,0.0
25116,0.0
25124,1.0
25151,0.0
25204,1.0
25236,0.0
25242,0.0
25247,0.0
25270,0.0
25282,0.0
25290,0.0
25300,0.0
25331,0.0
25351,0.0
25359,0.0
25385,0.0
25404,0.0
25407,0.0
25422,1.0
25423,0.0
25443,0.0
25446,0.0
25447,0.0
25455,1.0
25462,0.0
25486,0.0
25503,1.0
25542,0.0
25566,0.0
25580,0.0
25599,0.0
25621,0.0
25628,0.0
25637,0.0
25700,0.0
25723,0.0
25730,0.0
25733,0.0
25757,0.0
25760,0.0
25803,0.0
25820,0.0
25837,0.0
25842,0.0
25850,0.0
25854,0.0
25894,0.0
25914,0.0
25923,0.0
25932,0.0
25945,1.0
25949,1.0
26046,0.0
26049,0.0
26062,1.0
26082,1.0
26083,1.0
26101,0.0
26119,0.0
26133,0.0
26248,1.0
26290,0.0
26296,1.0
26297,0.0
26349,0.0
26361,1.0
26387,1.0
26436,0.0
26489,0.0
26515,0.0
26544,0.0
26570,1.0
26571,1.0
26584,0.0
26590,1.0
26609,0.0
26629,0.0
26632,0.0
26640,0.0
26658,1.0
26681,0.0
26693,0.0
26695,1.0
26699,1.0
26707,0.0
26718,0.0
26747,1.0
26762,0.0
26764,0.0
26768,0.0
26781,0.0
26802,1.0
26813,0.0
26848,0.0
26946,0.0
26969,1.0
26971,1.0
26975,1.0
26982,0.0
26992,0.0
26998,1.0
27042,0.0
27047,1.0
27071,0.0
27104,0.0
27142,0.0
27145,0.0
27153,0.0
27176,0.0
27184,0.0
27188,1.0
27197,1.0
27211,0.0
27243,1.0
27244,0.0
27256,0.0
27299,0.0
27309,1.0
27311,0.0
27329,0.0
27334,0.0
27339,0.0
27349,0.0
27355,1.0
27359,1.0
27397,0.0
27411,0.0
27419,1.0
27421,0.0
27484,1.0
27507,0.0
27523,0.0
27557,0.0
27579,0.0
27583,0.0
27586,1.0
27603,0.0
27622,1.0
27631,0.0
27633,1.0
27637,0.0
27641,0.0
27642,0.0
27657,0.0
27674,0.0
27708,0.0
27763,0.0
27773,0.0
27778,0.0
27786,0.0
27813,1.0
27833,1.0
27839,0.0
27840,0.0
27849,0.0
27855,1.0
27857,0.0
27862,1.0
27871,0.0
27929,1.0
27938,0.0
27951,0.0
27982,0.0
28018,1.0
28030,1.0
28049,0.0
28055,0.0
28062,0.0
28070,0.0
28074,0.0
28082,0.0
28116,0.0
28135,0.0
28179,0.0
28181,0.0
28217,0.0
28219,0.0
28225,0.0
28229,0.0
28236,0.0
28242,0.0
28248,0.0
28278,0.0
28279,0.0
28281,1.0
28293,0.0
28300,0.0
28344,0.0
28349,0.0
28376,0.0
28391,0.0
28403,0.0
28408,0.0
28471,0.0
28512,0.0
28579,0.0
28595,0.0
28627,0.0
28654,0.0
28674,0.0
28683,0.0
28700,0.0
28705,0.0
28712,0.0
28713,0.0
28756,1.0
28778,1.0
28789,0.0
28814,0.0
28840,1.0
28844,0.0
28848,0.0
28858,0.0
28877,0.0
28885,0.0
28886,0.0
28916,0.0
28933,0.0
28965,0.0
29041,0.0
29155,0.0
29161,0.0
29166,1.0
29186,0.0
29189,0.0
29198,1.0
29213,0.0
29238,0.0
29252,0.0
29253,0.0
29262,0.0
29274,1.0
29277,0.0
29286,0.0
29287,1.0
29298,0.0
29314,0.0
29332,0.0
29348,0.0
29361,1.0
29365,0.0
29382,0.0
29386,0.0
29402,0.0
29411,0.0
29428,0.0
29460,0.0
29501,0.0
29503,1.0
29557,0.0
29585,1.0
29602,1.0
29603,0.0
29604,0.0
29644,0.0
29652,0.0
29658,0.0
29659,0.0
29664,0.0
29706,1.0
29731,0.0
29738,0.0
29793,0.0
29818,0.0
29839,1.0
29843,0.0
29854,0.0
29888,0.0
29891,0.0
29961,0.0
29992,1.0
30008,0.0
30088,0.0
30095,0.0
30096,0.0
30120,1.0
30136,0.0
30153,0.0
30160,0.0
30179,0.0
30189,0.0
30194,0.0
30195,0.0
30205,0.0
30221,0.0
30232,0.0
30255,0.0
30262,0.0
30287,0.0
30333,0.0
30334,0.0
30344,0.0
30377,0.0
30379,0.0
30384,0.0
30407,0.0
30422,0.0
30423,0.0
30427,0.0
30443,0.0
30454,0.0
30463,0.0
30477,0.0
30483,0.0
30501,1.0
30539,0.0
30598,0.0
30609,0.0
30610,0.0
30617,0.0
30640,0.0
30649,0.0
30678,1.0
30682,0.0
30708,0.0
30721,0.0
30746,0.0
30755,0.0
30775,0.0
30803,0.0
30804,0.0
30807,0.0
30824,0.0
30847,0.0
30853,1.0
30873,0.0
30908,0.0
30947,0.0
30994,0.0
31015,0.0
31019,0.0
31078,0.0
31119,0.0
31135,0.0
31140,0.0
31149,1.0
31152,0.0
31159,0.0
31184,0.0
31194,1.0
31202,0.0
31210,0.0
31219,0.0
31258,0.0
31259,0.0
31318,0.0
31324,0.0
31353,0.0
31354,0.0
31358,1.0
31373,0.0
31394,1.0
31401,0.0
31411,0.0
31414,0.0
31418,0.0
31425,0.0
31490,0.0
31529,0.0
31566,0.0
31583,0.0
31660,1.0
31670,0.0
31688,0.0
31697,1.0
31713,0.0
31768,0.0
31811,1.0
31864,0.0
31880,0.0
31927,0.0
31931,0.0
31939,1.0
31940,0.0
31979,0.0
32007,0.0
32008,0.0
32010,0.0
32021,0.0
32050,0.0
32089,0.0
32104,0.0
32110,0.0
32112,0.0
32123,1.0
32125,0.0
32148,0.0
32154,0.0
32164,1.0
32198,1.0
32207,1.0
32239,1.0
32254,0.0
32262,0.0
32271,0.0
32280,0.0
32299,1.0
32358,0.0
32363,0.0
32388,0.0
32393,0.0
32395,0.0
32398,0.0
32424,0.0
32450,0.0
32461,0.0
32480,0.0
32481,0.0
32492,0.0
32505,0.0
32532,0.0
32587,0.0
32591,0.0
32592,0.0
32655,0.0
32667,0.0
32670,0.0
32675,0.0
32681,0.0
32703,0.0
32719,1.0
32728,0.0
32729,0.0
32756,0.0
32762,0.0
32777,0.0
32803,0.0
32829,0.0
32897,0.0
32907,0.0
32943,0.0
32958,0.0
32985,0.0
32991,0.0
33030,0.0
33050,0.0
33072,0.0
33103,0.0
33119,0.0
33127,1.0
33135,0.0
33142,0.0
33144,0.0
33153,0.0
33194,0.0
33208,0.0
33225,0.0
33255,0.0
33269,0.0
33296,0.0
33326,0.0
33368,0.0
33381,0.0
33393,0.0
33400,1.0
33425,0.0
33430,0.0
33471,1.0
33505,0.0
33530,0.0
33532,1.0
33560,0.0
33615,0.0
33626,1.0
33628,0.0
33638,0.0
33670,0.0
33671,0.0
33709,0.0
33713,0.0
33746,0.0
33753,0.0
33778,0.0
33791,0.0
33795,0.0
33807,0.0
33845,0.0
33871,0.0
33923,1.0
33931,0.0
33960,0.0
34011,0.0
34049,0.0
34061,0.0
34115,1.0
34121,0.0
34127,0.0
34135,0.0
34138,0.0
34140,0.0
34141,0.0
34160,0.0
34193,0.0
34250,0.0
34273,0.0
34290,1.0
34293,0.0
34295,0.0
34306,0.0
34316,0.0
34395,0.0
34397,0.0
34400,0.0
34420,0.0
34422,1.0
34435,1.0
34443,0.0
34453,0.0
34463,0.0
34467,0.0
34470,0.0
34481,0.0
34485,1.0
34501,0.0
34531,0.0
34543,0.0
34547,1.0
34670,0.0
34714,0.0
34777,0.0
34794,0.0
34798,0.0
34811,1.0
34926,0.0
34929,0.0
34930,0.0
34934,0.0
35018,1.0
35030,1.0
35042,0.0
35053,0.0
35099,0.0
35100,1.0
35132,0.0
35145,0.0
35159,0.0
35197,0.0
35224,0.0
35253,0.0
35257,0.0
35261,0.0
35272,0.0
35273,1.0
35317,0.0
35330,0.0
35363,0.0
35368,0.0
35371,0.0
35375,0.0
35406,0.0
35418,0.0
35431,1.0
35498,0.0
35502,0.0
35513,0.0
35519,0.0
35532,0.0
35541,0.0
35556,0.0
35557,0.0
35591,0.0
35593,0.0
35605,0.0
35627,0.0
35633,1.0
35646,0.0
35677,0.0
35736,0.0
35764,0.0
35784,0.0
35788,1.0
35793,0.0
35824,0.0
35832,1.0
35841,0.0
35856,0.0
35875,0.0
35934,0.0
35954,0.0
35957,0.0
35958,0.0
35975,0.0
36011,1.0
36017,0.0
36046,0.0
36088,1.0
36090,0.0
36130,0.0
36149,0.0
36155,0.0
36179,1.0
36215,0.0
36222,0.0
36254,0.0
36261,1.0
36306,0.0
36324,0.0
36332,0.0
36372,0.0
36376,0.0
36430,0.0
36441,0.0
36447,0.0
36464,0.0
36528,0.0
36535,0.0
36550,0.0
36565,0.0
36566,0.0
36626,0.0
36642,0.0
36661,1.0
36703,0.0
36737,0.0
36774,0.0
36801,0.0
36817,0.0
36825,0.0
36843,0.0
36850,0.0
36857,0.0
36861,0.0
36874,1.0
36878,1.0
36885,0.0
36901,1.0
36907,0.0
36911,0.0
36919,1.0
36979,0.0
37025,1.0
37030,0.0
37038,0.0
37061,0.0
37065,0.0
37091,0.0
37092,1.0
37096,0.0
37106,0.0
37111,0.0
37136,1.0
37137,0.0
37180,0.0
37184,1.0
37198,0.0
37243,0.0
37260,0.0
37274,0.0
37293,0.0
37377,0.0
37388,0.0
37405,0.0
37410,0.0
37422,0.0
37433,0.0
37436,0.0
37461,0.0
37463,0.0
37485,0.0
37540,0.0
37563,0.0
37577,0.0
37626,0.0
37628,0.0
37641,1.0
37656,1.0
37676,0.0
37677,0.0
37693,0.0
37728,1.0
37738,0.0
37747,1.0
37749,0.0
37779,0.0
37780,0.0
37786,1.0
37793,0.0
37794,0.0
37797,0.0
37835,0.0
37842,0.0
37857,0.0
37859,0.0
37877,0.0
37889,0.0
37903,1.0
37914,0.0
37929,1.0
37934,0.0
37946,0.0
37954,0.0
37970,0.0
37990,0.0
37992,0.0
37996,0.0
38017,0.0
38018,0.0
38054,1.0
38070,0.0
38095,0.0
38109,0.0
38163,0.0
38204,0.0
38211,1.0
38238,0.0
38245,0.0
38275,0.0
38286,1.0
38332,1.0
38337,0.0
38354,0.0
38400,1.0
38485,0.0
38487,0.0
38509,0.0
38513,0.0
38524,0.0
38527,0.0
38531,1.0
38539,1.0
38559,0.0
38580,0.0
38621,1.0
38624,0.0
38634,1.0
38639,0.0
38676,1.0
38685,1.0
38687,0.0
38691,0.0
38704,1.0
38716,0.0
38749,0.0
38760,0.0
38810,0.0
38838,0.0
38844,0.0
38849,1.0
38850,1.0
38876,0.0
38879,0.0
38898,0.0
38919,0.0
38943,1.0
38977,0.0
38997,0.0
39036,0.0
39049,0.0
39061,0.0
39153,0.0
39171,0.0
39182,0.0
39187,1.0
39192,1.0
39193,0.0
39234,0.0
39247,0.0
39296,0.0
39298,0.0
39344,0.0
39353,0.0
39374,0.0
39382,0.0
39398,0.0
39438,0.0
39448,0.0
39455,0.0
39456,1.0
39476,0.0
39480,0.0
39526,0.0
39540,0.0
39541,0.0
39555,0.0
39557,0.0
39590,0.0
39626,0.0
39635,0.0
39640,0.0
39642,1.0
39644,0.0
39671,0.0
39698,0.0
39701,0.0
39732,0.0
39748,0.0
39755,0.0
39759,1.0
39766,0.0
39770,0.0
39789,0.0
39803,0.0
39832,0.0
39836,0.0
39845,0.0
39846,1.0
39860,1.0
39883,1.0
39887,0.0
39895,0.0
39909,0.0
39952,0.0
39975,1.0
39992,0.0
39999,0.0
40014,0.0
40019,0.0
40032,0.0
40036,0.0
40064,1.0
40082,0.0
40127,0.0
40129,0.0
40153,0.0
40158,0.0
40162,1.0
40174,0.0
40180,0.0
40202,1.0
40204,1.0
40205,1.0
40220,0.0
40223,0.0
40243,0.0
40244,0.0
40248,0.0
40257,0.0
40278,0.0
40363,1.0
40381,0.0
40390,1.0
40392,0.0
40393,0.0
40406,0.0
40446,0.0
40447,0.0
40461,0.0
40500,0.0
40503,0.0
40562,0.0
40567,0.0
40579,0.0
40603,0.0
40626,1.0
40639,0.0
40658,0.0
40688,1.0
40765,1.0
40781,1.0
40821,1.0
40824,0.0
40850,0.0
40856,0.0
40865,0.0
40879,0.0
40890,0.0
40898,0.0
40900,0.0
40904,0.0
40926,1.0
40934,0.0
40955,0.0
40974,0.0
40985,0.0
41020,0.0
41117,1.0
41140,0.0
41153,0.0
41203,0.0
41207,1.0
41214,0.0
41217,1.0
41231,0.0
41241,0.0
41254,0.0
41256,0.0
41264,0.0
41265,0.0
41266,1.0
41272,1.0
41293,0.0
41383,0.0
41390,1.0
41464,1.0
41558,1.0
41593,1.0
41603,0.0
41630,0.0
41668,0.0
41700,0.0
41726,0.0
41761,0.0
41793,0.0
41806,0.0
41835,0.0
41845,0.0
41846,1.0
41910,0.0
41924,0.0
41925,0.0
41927,1.0
41930,1.0
41950,0.0
41956,0.0
41966,0.0
41988,0.0
41993,0.0
42019,1.0
42070,1.0
42075,0.0
42127,0.0
42214,0.0
42222,0.0
42246,0.0
42264,1.0
42283,0.0
42319,0.0
42330,0.0
42333,0.0
42389,0.0
42480,0.0
42482,0.0
42486,0.0
42512,0.0
42518,0.0
42521,1.0
42551,0.0
42552,1.0
42558,0.0
42562,0.0
42569,0.0
42626,0.0
42630,1.0
42685,1.0
42693,0.0
42720,0.0
42740,0.0
42743,1.0
42763,1.0
42797,1.0
42800,0.0
42812,0.0
42853,1.0
42918,0.0
42943,0.0
42969,0.0
42977,0.0
42992,0.0
42993,0.0
43003,0.0
43017,0.0
43051,0.0
43090,1.0
43091,0.0
43109,1.0
43149,1.0
43150,0.0
43176,1.0
43180,0.0
43185,1.0
43187,0.0
43244,0.0
43254,0.0
43261,1.0
43284,1.0
43287,0.0
43289,0.0
43331,0.0
43351,1.0
43357,0.0
43368,0.0
43408,0.0
43546,0.0
43549,1.0
43561,1.0
43569,0.0
43597,1.0
43605,0.0
43654,0.0
43677,0.0
43774,1.0
43775,1.0
43865,1.0
43874,0.0
43893,1.0
43907,1.0
43918,1.0
43955,0.0
43991,0.0
43996,1.0
44004,0.0
44033,0.0
44076,1.0
44083,1.0
44133,0.0
44139,0.0
44188,0.0
44219,0.0
44242,0.0
44243,0.0
44249,0.0
44264,0.0
44267,0.0
44292,0.0
44297,0.0
44302,0.0
44306,0.0
44307,0.0
44326,0.0
44330,0.0
44344,0.0
44400,1.0
44416,1.0
44431,1.0
44442,1.0
44444,1.0
44453,0.0
44472,1.0
44522,1.0
44530,1.0
44535,0.0
44554,0.0
44591,0.0
44601,0.0
44637,0.0
44650,0.0
44673,0.0
44740,0.0
44769,0.0
44772,0.0
44780,0.0
44843,0.0
44883,0.0
44914,1.0
44964,1.0
45026,1.0
45082,1.0
45091,0.0
45105,0.0
45108,0.0
45137,0.0
45149,0.0
45183,0.0
45187,0.0
45200,1.0
45219,0.0
45226,0.0
45262,1.0
45349,0.0
45364,0.0
45400,0.0
45404,1.0
45449,1.0
45479,1.0
45485,0.0
45512,1.0
45539,0.0
45546,1.0
45574,1.0
45611,1.0
45613,1.0
45615,0.0
45632,0.0
45647,0.0
45659,0.0
45660,0.0
45697,0.0
45700,0.0
45715,0.0
45780,1.0
45795,1.0
45803,0.0
45808,1.0
45816,1.0
45829,0.0
45847,0.0
45876,0.0
45902,0.0
45916,0.0
45924,0.0
45934,0.0
45977,0.0
46017,1.0
46067,0.0
46127,0.0
46159,0.0
46171,0.0
46188,0.0
46197,0.0
46198,1.0
46202,0.0
46205,1.0
46228,1.0
46316,1.0
46320,1.0
46333,0.0
46398,1.0
46408,1.0
46409,1.0
46416,0.0
46434,1.0
46480,0.0
46512,0.0
46530,0.0
46587,0.0
46591,0.0
46593,0.0
46616,0.0
46621,0.0
46639,0.0
46641,0.0
46656,0.0
46660,0.0
46679,0.0
46707,0.0
46708,0.0
46710,0.0
46713,1.0
46725,0.0
46729,0.0
46733,0.0
46758,1.0
46781,0.0
46806,0.0
46837,1.0
46839,0.0
46843,0.0
46878,0.0
46921,1.0
46934,1.0
46947,0.0
46950,0.0
47009,1.0
47029,0.0
47031,0.0
47056,0.0
47124,0.0
47168,0.0
47180,0.0
47222,1.0
47258,0.0
47286,0.0
47302,1.0
47329,1.0
47337,1.0
47363,0.0
47371,0.0
47372,1.0
47406,0.0
47408,0.0
47414,0.0
47420,1.0
47475,0.0
47507,0.0
47511,0.0
47517,1.0
47519,1.0
47544,0.0
47569,1.0
47606,1.0
47607,1.0
47615,1.0
47653,1.0
47654,1.0
47673,1.0
47691,0.0
47701,0.0
47720,1.0
47722,1.0
47794,0.0
47801,0.0
47814,0.0
47825,0.0
47828,0.0
47830,0.0
47883,1.0
47894,0.0
47905,1.0
47945,0.0
47956,1.0
47958,1.0
47959,0.0
47990,0.0
48008,1.0
48015,0.0
48036,0.0
48082,0.0
48091,0.0
48095,0.0
48111,1.0
48157,1.0
48166,0.0
48206,1.0
48207,1.0
48219,0.0
48244,1.0
48264,1.0
48278,0.0
48291,0.0
48330,0.0
48363,1.0
48391,1.0
48398,0.0
48416,0.0
48431,0.0
48435,1.0
48450,0.0
48503,0.0
48519,1.0
48523,1.0
48541,0.0
48576,0.0
48589,1.0
48640,1.0
48642,1.0
48657,1.0
48663,1.0
48673,0.0
48681,1.0
48708,1.0
48757,0.0
48793,1.0
48805,0.0
48868,1.0
48874,1.0
48916,0.0
48918,1.0
48924,0.0
48951,1.0
48954,1.0
48980,1.0
49009,0.0
49057,1.0
49063,1.0
49107,1.0
49108,0.0
49142,0.0
49153,1.0
49162,1.0
49177,0.0
49195,0.0
49215,1.0
49218,1.0
49219,1.0
49229,0.0
49276,1.0
49279,1.0
49283,0.0
49323,0.0
49339,1.0
49343,1.0
49400,1.0
49415,0.0
49419,1.0
49432,1.0
49435,0.0
49454,1.0
49514,1.0
49526,0.0
49555,1.0
49566,0.0
49568,1.0
49584,1.0
49590,1.0
49591,0.0
49614,0.0
49627,1.0
49630,1.0
49633,1.0
49644,0.0
49645,0.0
49698,0.0
49718,0.0
49745,1.0
49759,1.0
49943,1.0
49952,1.0
49984,1.0
49987,1.0
49992,1.0
50021,1.0
50025,1.0
50048,1.0
50056,1.0
50069,1.0
50074,0.0
50121,1.0
50144,1.0
50163,1.0
50173,1.0
50194,0.0
50208,0.0
50211,0.0
50215,1.0
50232,1.0
50249,0.0
50331,0.0
50401,0.0
50427,0.0
50445,0.0
50496,0.0
50498,0.0
50576,1.0
50598,1.0
50618,1.0
50626,1.0
50643,1.0
50660,1.0
50687,0.0
50706,1.0
50719,1.0
50748,1.0
50755,0.0
50759,0.0
50769,1.0
50777,1.0
50789,1.0
50801,0.0
50823,0.0
50858,0.0
50859,1.0
50870,1.0
50877,1.0
50891,0.0
50894,0.0
50905,1.0
50910,0.0
50929,1.0
50942,1.0
50954,1.0
50958,1.0
50961,1.0
50964,1.0
50983,0.0
50989,1.0
51011,1.0
51053,0.0
51087,1.0
51106,1.0
51109,1.0
51126,0.0
51129,0.0
51152,0.0
51153,0.0
51189,0.0
51242,0.0
51249,1.0
51261,1.0
51266,1.0
51283,0.0
51289,1.0
51331,0.0
51342,1.0
51354,1.0
51384,1.0
51401,1.0
51407,1.0
51436,1.0
51494,1.0
51516,0.0
51528,0.0
51544,0.0
51553,1.0
51557,1.0
51594,0.0
51599,1.0
51612,0.0
51643,1.0
51661,1.0
51695,1.0
51702,1.0
51705,1.0
51744,0.0
51849,0.0
51858,0.0
51871,1.0
51875,0.0
51890,1.0
51900,0.0
51915,0.0
51923,0.0
51946,1.0
51948,0.0
51963,1.0
51982,0.0
51989,1.0
51995,1.0
51998,0.0
52004,0.0
52014,1.0
52060,1.0
52063,0.0
52112,1.0
52120,1.0
52134,1.0
52152,0.0
52163,1.0
52256,1.0
52298,1.0
52307,1.0
52316,1.0
52335,1.0
52348,0.0
52390,1.0
52453,1.0
52480,1.0
52484,1.0
52502,1.0
52521,1.0
52570,1.0
52583,1.0
52597,1.0
52599,0.0
52620,1.0
52621,1.0
52653,1.0
52686,1.0
52689,0.0
52695,1.0
52740,1.0
52745,0.0
52748,1.0
52770,1.0
52792,1.0
52821,1.0
52841,1.0
52875,1.0
52882,1.0
52893,1.0
52894,1.0
52921,1.0
52937,1.0
53023,1.0
53056,1.0
53067,1.0
53084,1.0
53085,1.0
53092,0.0
53118,1.0
53183,1.0
53274,0.0
53289,1.0
53318,1.0
53369,1.0
53372,1.0
53419,1.0
53443,1.0
53483,0.0
53510,0.0
53573,1.0
53577,1.0
53610,0.0
53627,0.0
53644,1.0
53659,1.0
53668,0.0
53673,1.0
53700,1.0
53703,1.0
53715,0.0
53773,1.0
53803,1.0
53810,1.0
53825,1.0
53842,1.0
53844,1.0
53856,1.0
53859,1.0
53860,1.0
53874,1.0
53904,1.0
53979,1.0
53989,1.0
53992,0.0
54011,1.0
54041,1.0
54058,1.0
54090,1.0
54093,0.0
54099,0.0
54104,1.0
54107,1.0
54117,1.0
54142,0.0
54147,0.0
54212,0.0
54224,1.0
54252,1.0
54264,1.0
54277,1.0
54299,1.0
54367,1.0
54418,1.0
54449,0.0
54494,1.0
54518,1.0
54526,0.0
54527,1.0
54538,1.0
54586,1.0
54617,0.0
54626,1.0
54646,0.0
54681,0.0
54713,0.0
54720,0.0
54739,1.0
54765,1.0
54770,0.0
54773,0.0
54784,1.0
54795,1.0
54800,1.0
54810,1.0
54848,0.0
54849,1.0
54870,1.0
54917,0.0
54933,0.0
54945,0.0
55003,1.0
55021,1.0
55035,1.0
55053,1.0
55064,1.0
55071,1.0
55072,1.0
55092,1.0
55096,0.0
55098,0.0
55111,0.0
55125,0.0
55224,0.0
55264,1.0
55289,1.0
55319,1.0
55347,1.0
55359,1.0
55367,1.0
55425,1.0
55429,1.0
55432,1.0
55443,1.0
55451,0.0
55456,1.0
55475,1.0
55510,1.0
55519,1.0
55520,0.0
55522,0.0
55526,0.0
55528,0.0
55559,0.0
55568,1.0
55576,1.0
55592,1.0
55614,0.0
55691,0.0
55697,1.0
55713,1.0
55747,0.0
55749,1.0
55775,1.0
55802,0.0
55833,0.0
55855,1.0
55873,1.0
55934,1.0
55935,1.0
55940,1.0
55944,1.0
55988,0.0
55999,1.0
56019,0.0
56023,1.0
56037,0.0
56040,0.0
56076,1.0
56107,0.0
56117,0.0
56127,0.0
56135,1.0
56160,1.0
56218,1.0
56221,1.0
56276,1.0
56312,0.0
56338,1.0
56371,1.0
56381,1.0
56390,1.0
56393,1.0
56399,0.0
56420,1.0
56436,1.0
56483,1.0
56492,1.0
56532,1.0
56541,0.0
56550,0.0
56601,1.0
56619,0.0
56620,1.0
56659,1.0
56680,1.0
56748,0.0
56768,1.0
56823,1.0
56828,0.0
56840,1.0
56846,1.0
56860,1.0
56888,0.0
56910,1.0
56964,1.0
56974,1.0
57011,1.0
57016,0.0
57028,1.0
57029,0.0
57038,0.0
57054,0.0
57076,0.0
57102,1.0
57155,1.0
57159,1.0
57206,1.0
57221,1.0
57259,1.0
57273,0.0
57285,1.0
57301,1.0
57302,1.0
57306,0.0
57369,1.0
57370,1.0
57414,1.0
57418,0.0
57430,1.0
57448,1.0
57470,1.0
57479,1.0
57505,0.0
57523,0.0
57526,0.0
57531,1.0
57586,1.0
57623,1.0
57628,0.0
57718,1.0
57720,1.0
57721,1.0
57770,1.0
57781,1.0
57792,0.0
57807,1.0
57820,1.0
57829,0.0
57834,1.0
57866,0.0
57885,1.0
57889,1.0
57921,1.0
57957,1.0
57989,0.0
58045,1.0
58105,1.0
58108,1.0
58199,0.0
58204,0.0
58207,1.0
58209,0.0
58257,1.0
58271,0.0
58283,1.0
58284,1.0
58295,1.0
58296,0.0
58328,1.0
58331,1.0
58345,0.0
58425,1.0
58448,1.0
58452,0.0
58456,1.0
58486,1.0
58521,1.0
58560,1.0
58615,1.0
58620,1.0
58621,1.0
58653,0.0
58668,1.0
58688,0.0
58709,0.0
58717,1.0
58749,1.0
58771,1.0
58810,0.0
58845,1.0
58901,0.0
58910,0.0
58916,0.0
58917,0.0
58932,0.0
58933,1.0
58946,0.0
58981,1.0
58989,1.0
59004,1.0
59014,1.0
59029,1.0
59032,1.0
59044,0.0
59055,1.0
59059,1.0
59120,1.0
59144,0.0
59187,0.0
59232,0.0
59253,1.0
59280,0.0
59290,0.0
59323,1.0
59350,1.0
59383,0.0
59391,1.0
59401,1.0
59435,1.0
59458,1.0
59461,1.0
59472,1.0
59520,0.0
59553,1.0
59556,1.0
59585,0.0
59605,1.0
59617,1.0
59661,0.0
59674,1.0
59683,0.0
59684,0.0
59690,1.0
59712,1.0
59716,0.0
59777,1.0
59783,1.0
59784,1.0
59793,0.0
59802,0.0
59810,1.0
59821,1.0
59843,1.0
59895,0.0
59934,1.0
59998,0.0
60039,0.0
60055,0.0
60101,1.0
60127,0.0
60176,0.0
60178,1.0
60232,1.0
60263,1.0
60278,1.0
60288,1.0
60302,1.0
60328,1.0
60338,1.0
60343,1.0
60410,0.0
60467,0.0
60468,1.0
60500,1.0
60512,0.0
60518,0.0
60559,1.0
60575,0.0
60596,1.0
60620,0.0
60634,0.0
60642,1.0
60663,1.0
60676,1.0
60706,1.0
60707,1.0
60737,1.0
60742,1.0
60766,1.0
60780,1.0
60793,0.0
60802,1.0
60814,1.0
60896,1.0
60900,1.0
60974,1.0
60985,1.0
60992,1.0
61018,1.0
61023,1.0
61025,1.0
61029,0.0
61039,1.0
61053,1.0
61064,0.0
61079,1.0
61101,0.0
61134,0.0
61138,1.0
61158,1.0
61163,1.0
61177,0.0
61184,1.0
61202,1.0
61222,1.0
61239,1.0
61264,1.0
61314,0.0
61353,0.0
61380,1.0
61397,1.0
61412,1.0
61413,1.0
61439,1.0
61461,1.0
61463,1.0
61492,1.0
61517,0.0
61616,0.0
61628,0.0
61650,1.0
61652,0.0
61678,0.0
61701,0.0
61709,0.0
61740,0.0
61745,0.0
61747,1.0
61764,0.0
61782,1.0
61820,1.0
61824,0.0
61828,1.0
61830,0.0
61833,1.0
61924,1.0
61944,0.0
61968,1.0
61972,0.0
61979,0.0
62001,0.0
62014,1.0
62015,1.0
62018,0.0
62083,0.0
62085,1.0
62093,1.0
62116,1.0
62124,1.0
62151,0.0
62167,1.0
62195,0.0
62211,1.0
62220,1.0
62224,1.0
62231,0.0
62249,1.0
62293,1.0
62313,1.0
62314,1.0
62320,0.0
62345,0.0
62398,0.0
62428,0.0
62431,0.0
62448,0.0
62453,1.0
62461,0.0
62501,0.0
62527,0.0
62541,1.0
62564,1.0
62586,0.0
62635,0.0
62648,0.0
62689,1.0
62692,1.0
62708,0.0
62721,0.0
62733,0.0
62774,1.0
62799,1.0
62812,1.0
62825,1.0
62835,1.0
62844,1.0
62876,0.0
62902,1.0
62956,1.0
62974,1.0
62978,1.0
62984,0.0
62989,0.0
63004,1.0
63010,0.0
63029,1.0
63046,0.0
63070,0.0
63074,0.0
63089,0.0
63105,1.0
63131,1.0
63138,1.0
63144,1.0
63155,1.0
63169,1.0
63171,0.0
63190,1.0
63204,1.0
63212,1.0
63216,1.0
63241,1.0
63262,0.0
63278,0.0
63291,1.0
63305,0.0
63312,1.0
63328,0.0
63349,1.0
63384,1.0
63408,1.0
63488,0.0
63534,1.0
63565,1.0
63580,0.0
63609,1.0
63646,1.0
63657,1.0
63673,1.0
63674,1.0
63715,1.0
63723,0.0
63727,0.0
63741,0.0
63782,1.0
63789,0.0
63793,1.0
63806,1.0
63821,1.0
63848,1.0
63849,1.0
63851,0.0
63920,1.0
63964,1.0
64033,0.0
64034,0.0
64040,1.0
64042,1.0
64122,1.0
64151,1.0
64159,1.0
64161,1.0
64183,1.0
64187,1.0
64199,0.0
64241,1.0
64262,1.0
64331,0.0
64332,1.0
64353,0.0
64366,0.0
64431,0.0
64440,0.0
64443,0.0
64531,1.0
64542,1.0
64548,0.0
64617,0.0
64619,0.0
64627,1.0
64688,1.0
64705,1.0
64725,1.0
64751,1.0
64817,0.0
64828,1.0
64841,1.0
64872,1.0
64878,0.0
64884,0.0
64895,0.0
64916,1.0
64938,1.0
64984,1.0
64997,1.0
65029,1.0
65040,0.0
65061,1.0
65080,0.0
65091,1.0
65095,0.0
65096,1.0
65139,1.0
65149,0.0
65167,1.0
65187,0.0
65199,0.0
65213,0.0
65214,1.0
65220,1.0
65221,1.0
65253,0.0
65259,1.0
65287,1.0
65324,1.0
65336,1.0
65382,0.0
65385,1.0
65403,1.0
65429,1.0
65433,1.0
65469,1.0
65490,1.0
65494,1.0
65496,1.0
65505,1.0
65509,1.0
65530,1.0
65531,1.0
65547,1.0
65593,1.0
65605,1.0
65639,1.0
65688,1.0
65703,1.0
65705,1.0
65707,0.0
65723,0.0
65735,1.0
65740,0.0
65751,1.0
65802,1.0
65804,1.0
65814,1.0
65830,0.0
65950,0.0
65960,0.0
65962,0.0
65997,1.0
66049,1.0
66057,1.0
66059,1.0
66062,0.0
66073,0.0
66103,1.0
66114,1.0
66148,1.0
66151,0.0
66217,0.0
66219,0.0
66231,0.0
66234,1.0
66260,1.0
66322,1.0
66326,0.0
66340,0.0
66346,1.0
66349,1.0
66362,0.0
66388,1.0
66456,1.0
66464,0.0
66472,1.0
66482,1.0
66502,1.0
66505,1.0
66536,1.0
66556,1.0
66588,1.0
66619,1.0
66639,0.0
66674,1.0
66676,1.0
66677,1.0
66680,1.0
66682,1.0
66684,0.0
66688,1.0
66697,1.0
66703,1.0
66705,0.0
66712,0.0
66744,1.0
66821,1.0
66834,1.0
66839,1.0
66860,1.0
66885,1.0
66900,1.0
66901,1.0
66908,1.0
66963,1.0
66966,0.0
66968,0.0
66974,0.0
66994,1.0
67064,1.0
67088,1.0
67105,0.0
67130,0.0
67147,0.0
67151,1.0
67158,0.0
67160,1.0
67169,1.0
67203,1.0
67213,0.0
67253,0.0
67260,0.0
67271,0.0
67293,1.0
67311,1.0
67322,0.0
67355,1.0
67383,0.0
67384,1.0
67412,1.0
67427,1.0
67452,1.0
67475,0.0
67501,1.0
67533,0.0
67549,0.0
67565,1.0
67591,1.0
67596,1.0
67620,0.0
67637,1.0
67668,0.0
67672,1.0
67694,1.0
67696,1.0
67697,1.0
67704,1.0
67726,1.0
67727,0.0
67738,1.0
67772,1.0
67777,0.0
67851,1.0
67890,0.0
67951,0.0
67972,1.0
67979,1.0
68022,1.0
68064,1.0
68071,0.0
68079,1.0
68087,1.0
68092,1.0
68093,1.0
68111,0.0
68122,0.0
68126,0.0
68138,0.0
68147,1.0
68151,0.0
68154,0.0
68185,1.0
68229,1.0
68245,1.0
68276,1.0
68317,1.0
68319,0.0
68366,1.0
68373,0.0
68408,1.0
68415,0.0
68424,1.0
68426,1.0
68450,1.0
68474,1.0
68490,1.0
68513,1.0
68560,1.0
68572,0.0
68579,1.0
68631,1.0
68635,1.0
68662,1.0
68665,1.0
68675,1.0
68681,1.0
68687,1.0
68749,1.0
68771,0.0
68773,1.0
68834,1.0
68837,1.0
68839,1.0
68843,1.0
68847,0.0
68882,1.0
68890,0.0
68903,1.0
68912,1.0
68932,0.0
68950,1.0
68967,1.0
68978,1.0
68997,1.0
69013,1.0
69027,1.0
69028,1.0
69040,0.0
69105,1.0
69146,1.0
69189,1.0
69223,1.0
69259,1.0
69283,1.0
69341,1.0
69376,1.0
69396,1.0
69405,1.0
69451,1.0
69464,1.0
69484,0.0
69529,1.0
69570,0.0
69616,1.0
69617,1.0
69623,1.0
69651,1.0
69687,0.0
69711,0.0
69738,0.0
69747,0.0
69787,0.0
69799,0.0
69853,1.0
69866,1.0
69869,1.0
69901,1.0
69902,1.0
69937,1.0
69953,1.0
69959,1.0
69962,1.0
69979,1.0
70003,1.0
70010,0.0
70031,1.0
70041,1.0
70077,1.0
70079,1.0
70084,1.0
70087,1.0
70095,0.0
70158,1.0
70162,1.0
70224,1.0
70227,1.0
70304,1.0
70321,0.0
70348,1.0
70351,1.0
70400,1.0
70437,1.0
70444,0.0
70445,1.0
70459,1.0
70467,1.0
70503,1.0
70507,1.0
70518,0.0
70543,0.0
70557,1.0
70564,1.0
70566,1.0
70582,1.0
70590,1.0
70612,0.0
70626,1.0
70633,1.0
70636,1.0
70648,1.0
70653,1.0
70664,1.0
70665,1.0
70679,1.0
70681,0.0
70691,1.0
70733,1.0
70736,0.0
70765,0.0
70786,0.0
70788,1.0
70801,0.0
70810,1.0
70865,0.0
70866,1.0
70895,1.0
70912,1.0
70941,1.0
70946,0.0
70973,0.0
70977,1.0
70990,1.0
71008,0.0
71015,1.0
71057,1.0
71067,1.0
71070,1.0
71106,0.0
71114,1.0
71136,1.0
71158,0.0
71172,1.0
71178,0.0
71184,1.0
71215,0.0
71227,1.0
71237,1.0
71245,1.0
71259,0.0
71266,0.0
71314,0.0
71316,0.0
71323,0.0
71332,0.0
71354,1.0
71371,0.0
71390,1.0
71393,1.0
71398,1.0
71404,1.0
71412,1.0
71449,0.0
71462,0.0
71470,1.0
71479,0.0
71499,1.0
71505,1.0
71529,0.0
71538,1.0
71600,0.0
71602,1.0
71610,1.0
71639,1.0
71656,1.0
71658,1.0
71668,0.0
71686,1.0
71702,1.0
71744,1.0
71777,1.0
71779,1.0
71803,1.0
71805,0.0
71811,1.0
71831,1.0
71835,0.0
71849,1.0
71933,0.0
71939,1.0
71948,0.0
71949,0.0
71950,1.0
71961,1.0
71973,1.0
71994,1.0
72007,1.0
72045,1.0
72050,1.0
72061,0.0
72073,0.0
72078,0.0
72102,0.0
72107,0.0
72117,1.0
72132,1.0
72135,1.0
72145,1.0
72146,1.0
72151,1.0
72163,0.0
72221,0.0
72231,0.0
72257,1.0
72268,1.0
72281,1.0
72289,1.0
72320,0.0
72342,1.0
72439,0.0
72443,0.0
72459,0.0
72461,1.0
72472,1.0
72485,1.0
72498,1.0
72507,0.0
72509,1.0
72524,0.0
72529,1.0
72559,1.0
72566,1.0
72575,0.0
72607,0.0
72609,0.0
72657,0.0
72695,1.0
72722,1.0
72837,1.0
72881,0.0
72902,1.0
72917,1.0
72923,0.0
72925,1.0
72937,0.0
72972,1.0
73010,0.0
73028,1.0
73051,0.0
73093,1.0
73142,0.0
73156,0.0
73160,1.0
73162,1.0
73169,1.0
73179,0.0
73203,1.0
73215,0.0
73219,1.0
73222,1.0
73254,1.0
73265,0.0
73271,0.0
73274,0.0
73283,0.0
73312,0.0
73313,1.0
73351,1.0
73352,1.0
73391,0.0
73406,1.0
73422,0.0
73453,0.0
73461,0.0
73472,0.0
73510,0.0
73574,0.0
73610,0.0
73614,1.0
73659,0.0
73683,0.0
73700,1.0
73701,1.0
73723,1.0
73743,1.0
73817,1.0
73838,1.0
73845,1.0
73846,1.0
73847,1.0
73853,1.0
73882,1.0
73923,1.0
73924,1.0
73979,1.0
73982,1.0
73986,1.0
73988,1.0
73990,1.0
74007,1.0
74101,1.0
74154,1.0
74204,1.0
74213,1.0
74298,1.0
74332,1.0
74333,1.0
74335,1.0
74358,1.0
74361,1.0
74441,1.0
74470,1.0
74491,1.0
74525,1.0
74529,1.0
74573,1.0
74595,1.0
74596,1.0
74622,1.0
74657,0.0
74702,0.0
74721,0.0
74723,0.0
74725,1.0
74731,0.0
74765,1.0
74792,1.0
74808,1.0
74810,1.0
74814,1.0
74818,1.0
74922,1.0
74924,1.0
74941,1.0
74947,1.0
74983,1.0
75001,1.0
75025,1.0
75037,1.0
75071,1.0
75078,1.0
75094,1.0
75104,1.0
75107,1.0
75147,1.0
75153,1.0
75232,1.0
75243,1.0
75303,1.0
75333,1.0
75335,1.0
75339,1.0
75368,1.0
75376,1.0
75378,1.0
75462,1.0
75463,1.0
75471,1.0
75487,1.0
75619,1.0
75636,1.0
75637,1.0
75658,1.0
75663,1.0
75669,1.0
75686,1.0
75723,1.0
75750,1.0
75759,1.0
75761,1.0
75762,1.0
75768,1.0
75810,1.0
75812,1.0
75814,1.0
75829,1.0
75841,1.0
75882,1.0
75898,1.0
75943,1.0
75945,1.0
75950,1.0
75965,1.0
76002,1.0
76097,0.0
76152,1.0
76155,1.0
76186,1.0
76187,1.0
76202,1.0
76223,1.0
76224,1.0
76225,1.0
76237,1.0
76245,1.0
76285,1.0
76317,0.0
76324,1.0
76349,0.0
76353,0.0
76355,0.0
76359,0.0
76363,0.0
76381,1.0
76429,1.0
76433,1.0
76467,1.0
76474,1.0
76481,1.0
76495,1.0
76534,1.0
76543,1.0
76557,1.0
76569,1.0
76578,1.0
76580,0.0
76610,0.0
76629,0.0
76633,0.0
76658,0.0
76679,0.0
76697,0.0
76701,0.0
76732,1.0
76739,0.0
76757,0.0
76793,0.0
76808,0.0
76830,0.0
76831,0.0
76838,1.0
76863,1.0
76869,1.0
76876,1.0
76933,1.0
76958,0.0
76978,0.0
76986,0.0
77005,0.0
77010,0.0
77012,0.0
77022,0.0
77074,0.0
77080,0.0
77123,0.0
77125,0.0
77146,0.0
77163,1.0
77167,1.0
77168,1.0
77185,0.0
77190,1.0
77255,1.0
77259,0.0
77283,1.0
77287,1.0
77381,1.0
77388,0.0
77405,0.0
77432,1.0
77471,0.0
77472,0.0
77512,0.0
77566,0.0
77573,0.0
77578,0.0
77579,0.0
77619,0.0
77657,0.0
77673,1.0
77688,0.0
77707,0.0
77765,1.0
77767,1.0
77784,0.0
77811,0.0
77836,0.0
77856,0.0
77882,0.0
77887,0.0
77915,0.0
77937,0.0
77953,0.0
77955,0.0
77962,1.0
77977,0.0
77997,1.0
78000,1.0
78003,0.0
78019,0.0
78061,1.0
78063,0.0
78079,0.0
78094,0.0
78102,0.0
78164,1.0
78196,0.0
78227,1.0
78247,0.0
78251,1.0
78270,0.0
78277,0.0
78282,0.0
78293,0.0
78314,0.0
78325,0.0
78329,0.0
78344,1.0
78371,1.0
78374,0.0
78391,0.0
78414,0.0
78467,1.0
78482,0.0
78494,1.0
78507,1.0
78532,0.0
78533,0.0
78548,0.0
78550,0.0
78561,0.0
78604,0.0
78611,0.0
78620,1.0
78627,1.0
78641,0.0
78663,0.0
78697,0.0
78739,0.0
78758,0.0
78805,0.0
78880,0.0
78890,1.0
78916,0.0
78963,0.0
78991,0.0
78995,0.0
79030,0.0
79069,0.0
79074,1.0
79089,0.0
79104,1.0
79111,0.0
79114,0.0
79130,0.0
79162,0.0
79172,0.0
79176,1.0
79202,1.0
79225,1.0
79285,1.0
79287,0.0
79311,0.0
79340,0.0
79342,0.0
79351,1.0
79363,0.0
79372,0.0
79387,0.0
79389,1.0
79396,1.0
79407,1.0
79413,1.0
79416,1.0
79451,1.0
79469,1.0
79470,0.0
79501,1.0
79512,1.0
79513,1.0
79536,0.0
79582,0.0
79588,0.0
79595,0.0
79623,1.0
79672,1.0
79678,0.0
79694,1.0
79714,1.0
79729,0.0
79742,0.0
79744,0.0
79768,0.0
79800,0.0
79822,1.0
79839,1.0
79842,1.0
79859,0.0
79903,0.0
79908,0.0
79925,0.0
79952,0.0
79953,1.0
79970,1.0
80006,0.0
80012,1.0
80029,0.0
80039,0.0
80052,1.0
80057,0.0
80065,0.0
80069,0.0
80074,1.0
80094,1.0
80102,1.0
80112,1.0
80115,0.0
80143,1.0
80151,1.0
80159,1.0
80160,1.0
80167,0.0
80188,0.0
80193,1.0
80201,1.0
80203,0.0
80212,0.0
80226,0.0
80232,0.0
80237,1.0
80250,0.0
80263,1.0
80312,1.0
80339,1.0
80344,1.0
80347,0.0
80350,1.0
80393,1.0
80395,1.0
80440,1.0
80454,1.0
80508,0.0
80562,0.0
80590,0.0
80594,0.0
80604,0.0
80605,0.0
80623,0.0
80627,0.0
80648,0.0
80673,0.0
80686,1.0
80762,0.0
80784,0.0
80862,0.0
80868,1.0
80894,0.0
80909,1.0
80918,0.0
80936,0.0
80944,1.0
80954,1.0
80957,0.0
80990,1.0
80994,1.0
81011,1.0
81109,1.0
81110,1.0
81128,0.0
81154,1.0
81163,0.0
81213,0.0
81249,0.0
81260,0.0
81265,1.0
81276,0.0
81294,0.0
81308,0.0
81361,0.0
81362,0.0
81402,0.0
81412,1.0
81417,0.0
81426,0.0
81453,1.0
81560,1.0
81566,1.0
81571,1.0
81585,1.0
81726,1.0
81757,1.0
81779,1.0
81797,1.0
81806,1.0
81816,1.0
81822,1.0
81863,1.0
81869,1.0
81884,1.0
81885,1.0
81889,1.0
81923,1.0
81937,1.0
81941,1.0
81943,1.0
81946,1.0
81966,1.0
81980,1.0
81981,1.0
82021,0.0
82073,0.0
82084,1.0
82098,1.0
82129,1.0
82136,1.0
82177,0.0
82188,0.0
82189,0.0
82190,0.0
82208,1.0
82210,1.0
82218,1.0
82229,1.0
82231,1.0
82233,0.0
82258,1.0
82262,0.0
82281,0.0
82324,1.0
82361,1.0
82363,1.0
82378,1.0
82412,0.0
82414,1.0
82457,1.0
82464,0.0
82481,0.0
82518,0.0
82526,1.0
82564,0.0
82574,0.0
82576,0.0
82586,0.0
82603,0.0
82632,1.0
82637,0.0
82644,0.0
82671,0.0
82712,1.0
82716,0.0
82732,0.0
82737,1.0
82739,1.0
82741,1.0
82772,1.0
82842,1.0
82869,1.0
82884,0.0
82910,1.0
82919,1.0
82941,0.0
82946,0.0
82963,0.0
82997,0.0
83031,1.0
83051,0.0
83065,0.0
83072,0.0
83075,0.0
83087,0.0
83091,0.0
83126,0.0
83156,0.0
83165,0.0
83174,0.0
83190,1.0
83205,0.0
83223,0.0
83228,0.0
83233,0.0
83257,0.0
83375,0.0
83377,0.0
83379,0.0
83403,0.0
83407,0.0
83411,0.0
83427,0.0
83451,0.0
83458,0.0
83463,0.0
83464,1.0
83469,1.0
83529,1.0
83541,0.0
83542,1.0
83552,0.0
83617,1.0
83653,0.0
83702,0.0
83726,0.0
83732,0.0
83759,0.0
83774,0.0
83817,1.0
83829,0.0
83897,0.0
83911,0.0
83921,0.0
83923,0.0
83945,0.0
83952,0.0
83954,0.0
84024,0.0
84049,1.0
84063,0.0
84068,0.0
84087,0.0
84107,0.0
84120,0.0
84122,0.0
84127,0.0
84132,0.0
84162,0.0
84180,1.0
84181,0.0
84192,0.0
84200,0.0
84208,1.0
84210,0.0
84211,0.0
84240,0.0
84262,0.0
84277,0.0
84310,0.0
84355,0.0
84372,1.0
84377,0.0
84385,0.0
84389,0.0
84405,0.0
84432,0.0
84459,0.0
84486,0.0
84490,0.0
84495,1.0
84532,0.0
84564,0.0
84567,0.0
84570,1.0
84611,1.0
84620,0.0
84629,0.0
84635,0.0
84662,0.0
84668,0.0
84681,0.0
84689,0.0
84693,0.0
84708,0.0
84750,0.0
84773,0.0
84785,0.0
84841,0.0
84847,0.0
84863,0.0
84871,1.0
84880,0.0
84884,0.0
84907,0.0
84922,1.0
84974,0.0
84990,0.0
85002,0.0
85021,0.0
85040,0.0
85072,1.0
85094,0.0
85104,1.0
85106,0.0
85108,0.0
85115,0.0
85116,0.0
85121,0.0
85137,1.0
85236,1.0
85252,0.0
85279,0.0
85304,0.0
85328,0.0
85352,0.0
85353,0.0
85356,0.0
85357,1.0
85382,1.0
85409,1.0
85412,0.0
85463,0.0
85467,0.0
85490,0.0
85506,0.0
85539,0.0
85552,0.0
85562,0.0
85576,0.0
85578,0.0
85590,0.0
85659,0.0
85663,1.0
85707,0.0
85716,0.0
85729,1.0
85734,0.0
85754,1.0
85856,1.0
85889,1.0
85900,0.0
85906,0.0
85909,0.0
85938,1.0
85945,1.0
85948,0.0
85961,1.0
85972,1.0
86031,0.0
86048,0.0
86051,1.0
86082,0.0
86090,0.0
86091,0.0
86121,0.0
86151,0.0
86157,0.0
86168,0.0
86175,0.0
86185,1.0
86200,0.0
86232,1.0
86250,0.0
86251,0.0
86281,0.0
86329,0.0
86330,0.0
86353,0.0
86367,0.0
86376,0.0
86410,0.0
86431,1.0
86451,0.0
86458,1.0
86469,0.0
86504,0.0
86505,0.0
86551,0.0
86560,1.0
86568,0.0
86569,0.0
86571,0.0
86577,0.0
86593,0.0
86600,0.0
86641,0.0
86677,0.0
86708,1.0
86717,0.0
86726,1.0
86733,1.0
86765,0.0
86788,0.0
86803,0.0
86825,0.0
86834,0.0
86841,0.0
86851,0.0
86933,0.0
87000,0.0
87075,0.0
87096,0.0
87114,1.0
87115,0.0
87143,0.0
87146,0.0
87169,0.0
87198,0.0
87211,1.0
87212,0.0
87223,0.0
87263,1.0
87268,0.0
87294,0.0
87295,1.0
87371,0.0
87405,0.0
87423,1.0
87450,1.0
87464,0.0
87471,0.0
87475,0.0
87528,0.0
87530,0.0
87572,0.0
87646,0.0
87647,1.0
87652,1.0
87653,1.0
87659,0.0
87667,0.0
87683,1.0
87697,0.0
87698,1.0
87709,0.0
87718,0.0
87763,0.0
87797,0.0
87883,1.0
87923,0.0
87933,1.0
87944,0.0
87946,0.0
87958,1.0
87962,0.0
87969,1.0
87971,0.0
87983,1.0
87987,0.0
87990,0.0
88013,1.0
88055,1.0
88058,0.0
88075,0.0
88080,1.0
88120,0.0
88215,0.0
88274,0.0
88288,0.0
88307,0.0
88323,0.0
88325,0.0
88381,0.0
88398,0.0
88427,1.0
88456,0.0
88469,0.0
88475,0.0
88484,0.0
88503,0.0
88538,0.0
88556,0.0
88572,1.0
88584,0.0
88613,1.0
88627,0.0
88669,0.0
88677,0.0
88691,0.0
88755,1.0
88760,0.0
88784,0.0
88868,0.0
88871,0.0
88887,1.0
88897,0.0
88908,0.0
88916,0.0
88999,0.0
89005,0.0
89015,0.0
89017,0.0
89034,0.0
89039,1.0
89041,0.0
89050,0.0
89062,0.0
89068,0.0
89077,0.0
89106,0.0
89109,0.0
89116,0.0
89125,0.0
89136,1.0
89151,0.0
89154,0.0
89177,0.0
89200,0.0
89201,0.0
89204,0.0
89214,1.0
89218,0.0
89283,0.0
89288,1.0
89309,0.0
89389,0.0
89401,0.0
89428,0.0
89441,0.0
89461,0.0
89469,0.0
89481,0.0
89483,0.0
89485,0.0
89547,1.0
89646,0.0
89658,0.0
89677,0.0
89702,0.0
89710,0.0
89749,0.0
89752,0.0
89768,0.0
89867,0.0
89896,0.0
89915,1.0
89939,0.0
89944,0.0
89979,0.0
90039,0.0
90053,0.0
90063,0.0
90073,0.0
90093,0.0
90111,0.0
90114,1.0
90176,0.0
90217,0.0
90240,1.0
90261,1.0
90271,1.0
90337,1.0
90362,0.0
90375,0.0
90385,0.0
90412,0.0
90451,0.0
90480,0.0
90500,0.0
90508,1.0
90546,0.0
90557,1.0
90563,0.0
90577,0.0
90608,0.0
90631,0.0
90639,0.0
90640,0.0
90666,0.0
90707,1.0
90711,0.0
90719,0.0
90740,1.0
90784,1.0
90800,0.0
90818,0.0
90823,0.0
90830,0.0
90831,0.0
90836,0.0
90839,0.0
90871,0.0
90884,1.0
90969,0.0
90997,0.0
91005,0.0
91031,0.0
91080,0.0
91083,0.0
91125,0.0
91143,0.0
91146,0.0
91164,0.0
91166,0.0
91208,0.0
91251,1.0
91262,1.0
91310,1.0
91352,1.0
91357,1.0
91388,0.0
91402,0.0
91465,1.0
91493,0.0
91510,1.0
91535,0.0
91548,0.0
91603,0.0
91618,1.0
91633,0.0
91652,0.0
91667,0.0
91680,0.0
91690,0.0
91698,0.0
91699,0.0
91705,0.0
91714,0.0
91724,0.0
91725,0.0
91757,0.0
91760,0.0
91762,0.0
91775,0.0
91789,0.0
91793,0.0
91798,0.0
91805,0.0
91835,0.0
91869,1.0
91929,1.0
91943,0.0
91954,0.0
91972,0.0
92010,0.0
92012,1.0
92026,1.0
92036,0.0
92043,0.0
92082,1.0
92085,0.0
92093,0.0
92117,0.0
92120,0.0
92121,0.0
92136,0.0
92168,0.0
92185,0.0
92199,0.0
92206,0.0
92209,0.0
92216,0.0
92225,0.0
92275,0.0
92302,0.0
92328,0.0
92336,0.0
92364,0.0
92368,0.0
92403,0.0
92426,1.0
92458,0.0
92459,0.0
92525,0.0
92526,1.0
92556,0.0
92637,1.0
92638,0.0
92645,0.0
92654,1.0
92676,0.0
92685,0.0
92692,1.0
92695,1.0
92707,0.0
92730,0.0
92737,1.0
92738,0.0
92740,0.0
92752,0.0
92755,1.0
92812,0.0
92891,0.0
92934,1.0
92964,1.0
92979,0.0
92984,0.0
92985,1.0
93030,1.0
93078,0.0
93081,0.0
93093,0.0
93126,1.0
93152,1.0
93158,0.0
93194,1.0
93197,1.0
93208,0.0
93211,0.0
93231,0.0
93243,0.0
93316,0.0
93330,0.0
93336,0.0
93447,0.0
93456,0.0
93469,1.0
93482,0.0
93522,0.0
93523,0.0
93528,0.0
93579,0.0
93635,0.0
93670,0.0
93675,0.0
93684,0.0
93740,0.0
93854,0.0
93970,0.0
94009,0.0
94016,0.0
94041,1.0
94069,0.0
94075,0.0
94084,0.0
94085,0.0
94116,0.0
94136,1.0
94216,0.0
94237,0.0
94281,1.0
94328,0.0
94335,0.0
94348,0.0
94349,1.0
94387,0.0
94399,0.0
94410,0.0
94422,0.0
94428,0.0
94439,0.0
94449,0.0
94462,1.0
94480,0.0
94494,0.0
94497,1.0
94500,0.0
94521,1.0
94538,0.0
94585,0.0
94610,1.0
94620,1.0
94642,0.0
94651,1.0
94656,0.0
94665,0.0
94667,1.0
94696,0.0
94713,1.0
94725,0.0
94738,0.0
94809,0.0
94838,0.0
94867,0.0
94877,0.0
94878,0.0
94883,0.0
94918,1.0
94932,0.0
94972,0.0
94978,0.0
94985,1.0
94987,0.0
94995,0.0
95002,0.0
95014,0.0
95030,0.0
95043,0.0
95067,0.0
95088,1.0
95091,0.0
95103,0.0
95122,0.0
95132,1.0
95152,0.0
95176,0.0
95189,0.0
95194,0.0
95248,0.0
95289,0.0
95299,0.0
95311,0.0
95356,0.0
95392,0.0
95400,0.0
95478,1.0
95496,0.0
95500,0.0
95528,0.0
95545,0.0
95553,1.0
95574,0.0
95575,0.0
95582,1.0
95589,1.0
95593,1.0
95620,0.0
95710,0.0
95716,1.0
95756,0.0
95763,0.0
95798,0.0
95802,0.0
95823,0.0
95864,0.0
95938,0.0
95950,0.0
95976,0.0
96020,0.0
96056,0.0
96059,1.0
96107,0.0
96109,0.0
96142,0.0
96152,1.0
96159,0.0
96164,1.0
96195,0.0
96205,1.0
96272,0.0
96295,0.0
96300,0.0
96316,0.0
96351,1.0
96360,0.0
96376,0.0
96379,0.0
96386,0.0
96387,0.0
96424,0.0
96430,0.0
96434,0.0
96438,0.0
96459,0.0
96460,0.0
96467,0.0
96482,0.0
96565,0.0
96593,0.0
96595,0.0
96615,0.0
96623,1.0
96629,0.0
96705,0.0
96717,0.0
96753,1.0
96765,0.0
96775,0.0
96803,0.0
96813,0.0
96845,0.0
96857,0.0
96869,0.0
96873,0.0
96882,1.0
96901,0.0
96903,1.0
96962,0.0
96973,0.0
96981,0.0
96997,0.0
97033,0.0
97045,0.0
97074,1.0
97101,0.0
97104,0.0
97110,0.0
97116,0.0
97117,0.0
97120,0.0
97121,0.0
97122,0.0
97148,0.0
97157,0.0
97184,1.0
97226,0.0
97242,1.0
97253,0.0
97280,0.0
97304,0.0
97324,0.0
97331,0.0
97357,0.0
97431,0.0
97526,0.0
97527,0.0
97538,0.0
97540,0.0
97586,1.0
97621,0.0
97651,0.0
97658,0.0
97660,0.0
97661,0.0
97664,1.0
97675,0.0
97708,0.0
97724,0.0
97729,1.0
97735,0.0
97743,0.0
97751,0.0
97753,0.0
97775,1.0
97796,0.0
97799,1.0
97813,0.0
97888,0.0
97890,0.0
97897,0.0
97945,0.0
97966,0.0
97976,0.0
98016,0.0
98020,0.0
98047,0.0
98048,0.0
98078,0.0
98082,0.0
98121,0.0
98126,0.0
98138,0.0
98225,0.0
98251,0.0
98264,0.0
98274,1.0
98304,1.0
98329,0.0
98354,0.0
98360,0.0
98382,0.0
98509,1.0
98521,0.0
98557,0.0
98558,0.0
98566,0.0
98577,0.0
98591,0.0
98634,0.0
98660,1.0
98668,1.0
98677,1.0
98681,1.0
98762,1.0
98785,0.0
98834,1.0
98839,0.0
98842,0.0
98844,0.0
98859,0.0
98886,0.0
98933,1.0
98935,0.0
98984,0.0
98987,0.0
99025,0.0
99083,0.0
99090,0.0
99097,0.0
99163,1.0
99190,0.0
99222,0.0
99238,1.0
99320,0.0
99323,0.0
99353,0.0
99367,1.0
99373,1.0
99376,1.0
99420,0.0
99440,0.0
99451,0.0
99456,1.0
99500,0.0
99538,0.0
99558,0.0
99573,0.0
99608,0.0
99707,0.0
99711,0.0
99728,0.0
99739,1.0
99743,0.0
99753,0.0
99790,0.0
99796,0.0
99800,0.0
99829,0.0
99834,0.0
99848,0.0
99853,0.0
99862,0.0
99864,0.0
99865,0.0
99907,0.0
99939,0.0
99943,1.0
99975,0.0
100002,0.0
100006,0.0
100008,0.0
100021,1.0
100045,0.0
100059,0.0
100063,1.0
100078,0.0
100092,0.0
100132,0.0
100149,0.0
100220,0.0
100243,0.0
100271,0.0
100282,0.0
100284,0.0
100296,0.0
100300,0.0
100316,0.0
100321,1.0
100325,1.0
100339,0.0
100351,0.0
100359,0.0
100434,0.0
100465,0.0
100481,1.0
100497,1.0
100500,1.0
100536,1.0
100573,1.0
100583,0.0
100602,0.0
100603,0.0
100620,0.0
100668,0.0
100672,1.0
100709,0.0
100771,0.0
100774,0.0
100782,0.0
100791,0.0
100792,0.0
100811,0.0
100816,0.0
100824,1.0
100826,0.0
100845,0.0
100857,0.0
100937,0.0
100951,0.0
100960,0.0
100988,0.0
101024,1.0
101026,0.0
101030,0.0
101051,0.0
101082,0.0
101129,0.0
101162,0.0
101206,0.0
101231,0.0
101290,0.0
101298,0.0
101321,0.0
101359,0.0
101360,0.0
101377,0.0
101384,1.0
101385,0.0
101402,0.0
101407,1.0
101420,1.0
101427,0.0
101457,0.0
101479,0.0
101526,1.0
101534,0.0
101542,0.0
101570,0.0
101572,1.0
101582,1.0
101601,0.0
101606,0.0
101607,0.0
101612,1.0
101646,0.0
101648,0.0
101660,0.0
101688,0.0
101707,0.0
101731,0.0
101734,0.0
101758,1.0
101774,0.0
101777,0.0
101811,0.0
101849,0.0
101853,0.0
101883,1.0
101935,0.0
101950,0.0
101952,0.0
101959,1.0
101972,0.0
101982,0.0
102017,1.0
102028,1.0
102097,1.0
102104,0.0
102106,1.0
102125,0.0
102186,0.0
102191,0.0
102219,1.0
102288,0.0
102307,1.0
102312,1.0
102325,0.0
102334,0.0
102345,0.0
102349,0.0
102381,1.0
102388,1.0
102395,1.0
102405,0.0
102475,0.0
102492,0.0
102527,0.0
102558,0.0
102600,1.0
102606,0.0
102611,0.0
102617,1.0
102621,1.0
102638,0.0
102662,0.0
102694,0.0
102757,0.0
102765,0.0
102787,1.0
102801,0.0
102848,0.0
102851,1.0
102867,0.0
102872,0.0
102899,0.0
102900,0.0
102917,0.0
102923,1.0
102925,1.0
103004,0.0
103009,0.0
103020,0.0
103052,0.0
103059,1.0
103064,0.0
103075,1.0
103082,1.0
103115,0.0
103123,1.0
103129,1.0
103136,0.0
103155,0.0
103177,0.0
103180,1.0
103182,0.0
103193,0.0
103201,0.0
103216,0.0
103222,0.0
103245,1.0
103249,0.0
103284,0.0
103293,1.0
103298,1.0
103307,0.0
103311,0.0
103314,1.0
103316,0.0
103375,0.0
103389,1.0
103436,0.0
103442,1.0
103506,1.0
103537,0.0
103559,1.0
103594,0.0
103620,1.0
103621,0.0
103654,0.0
103681,0.0
103699,0.0
103724,1.0
103728,0.0
103730,0.0
103750,0.0
103756,1.0
103761,1.0
103906,1.0
103915,0.0
103918,1.0
103922,0.0
103923,1.0
103951,0.0
103963,0.0
103988,0.0
103989,0.0
104049,0.0
104092,0.0
104120,1.0
104148,0.0
104160,0.0
104174,0.0
104200,0.0
104209,0.0
104211,0.0
104214,1.0
104221,0.0
104288,1.0
104297,0.0
104298,0.0
104333,1.0
104335,0.0
104339,1.0
104359,0.0
104365,0.0
104400,0.0
104402,0.0
104409,0.0
104416,0.0
104432,0.0
104447,0.0
104452,1.0
104468,0.0
104490,0.0
104495,0.0
104529,0.0
104532,0.0
104545,0.0
104565,1.0
104598,0.0
104607,1.0
104623,0.0
104671,1.0
104700,0.0
104717,1.0
104737,0.0
104742,1.0
104758,0.0
104769,0.0
104781,1.0
104789,1.0
104799,0.0
104807,0.0
104854,1.0
104856,0.0
104882,0.0
104958,0.0
104978,0.0
105025,1.0
105034,1.0
105042,0.0
105043,0.0
105055,0.0
105056,0.0
105085,0.0
105087,0.0
105113,1.0
105125,0.0
105132,0.0
105190,0.0
105209,0.0
105279,0.0
105296,0.0
105328,0.0
105380,0.0
105393,0.0
105424,0.0
105438,0.0
105458,0.0
105483,1.0
105505,0.0
105509,0.0
105520,0.0
105528,0.0
105539,0.0
105543,0.0
105619,0.0
105666,0.0
105677,0.0
105718,0.0
105738,0.0
105743,0.0
105769,0.0
105808,0.0
105813,0.0
105837,0.0
105856,1.0
105892,1.0
105916,0.0
105925,0.0
106003,0.0
106013,1.0
106025,1.0
106097,0.0
106110,0.0
106122,0.0
106132,1.0
106135,1.0
106156,1.0
106172,0.0
106185,1.0
106194,0.0
106196,0.0
106208,1.0
106221,0.0
106233,0.0
106236,1.0
106237,0.0
106249,0.0
106267,0.0
106308,0.0
106323,1.0
106327,0.0
106342,0.0
106372,1.0
106391,1.0
106392,0.0
106427,0.0
106439,0.0
106465,0.0
106471,0.0
106508,1.0
106522,0.0
106527,0.0
106533,0.0
106567,0.0
106568,0.0
106592,0.0
106695,0.0
106696,0.0
106701,0.0
106706,0.0
106763,0.0
106772,0.0
106782,0.0
106788,0.0
106803,1.0
106806,0.0
106810,0.0
106825,0.0
106843,0.0
106846,1.0
106851,0.0
106868,0.0
106872,0.0
106880,0.0
106952,0.0
107001,1.0
107005,0.0
107022,0.0
107026,1.0
107049,0.0
107093,0.0
107133,0.0
107138,0.0
107148,0.0
107156,1.0
107201,0.0
107227,1.0
107233,0.0
107240,1.0
107291,0.0
107307,0.0
107319,0.0
107323,1.0
107334,0.0
107340,0.0
107348,1.0
107357,1.0
107363,1.0
107445,0.0
107454,1.0
107474,0.0
107492,0.0
107501,0.0
107515,0.0
107535,0.0
107600,0.0
107708,0.0
107716,0.0
107754,0.0
107792,0.0
107808,0.0
107811,0.0
107840,0.0
107858,1.0
107883,0.0
107887,0.0
107891,1.0
107900,0.0
107920,0.0
107951,1.0
107970,1.0
107975,0.0
107991,0.0
108039,0.0
108095,0.0
108102,1.0
108106,0.0
108109,0.0
108121,0.0
108124,0.0
108125,0.0
108137,1.0
108142,0.0
108155,1.0
108158,0.0
108166,0.0
108169,1.0
108248,0.0
108261,0.0
108297,0.0
108307,1.0
108309,1.0
108312,0.0
108325,0.0
108349,0.0
108355,0.0
108383,0.0
108431,1.0
108473,0.0
108499,0.0
108510,0.0
108511,0.0
108523,0.0
108527,0.0
108531,0.0
108540,1.0
108567,1.0
108596,0.0
108616,0.0
108625,1.0
108665,0.0
108676,0.0
108688,0.0
108704,0.0
108708,0.0
108726,0.0
108727,0.0
108758,0.0
108767,0.0
108770,1.0
108772,0.0
108787,0.0
108795,1.0
108855,1.0
108875,0.0
108890,0.0
108897,0.0
108900,0.0
108912,1.0
108960,0.0
108963,0.0
108998,0.0
109069,0.0
109072,0.0
109095,0.0
109111,0.0
109124,0.0
109150,1.0
109167,0.0
109169,0.0
109187,1.0
109285,0.0
109295,0.0
109312,0.0
109340,0.0
109362,0.0
109376,0.0
109377,0.0
109385,0.0
109387,0.0
109413,1.0
109458,0.0
109500,0.0
109509,1.0
109545,0.0
109549,0.0
109665,0.0
109675,1.0
109721,0.0
109734,1.0
109735,1.0
109755,0.0
109758,1.0
109812,0.0
109817,1.0
109912,0.0
109917,1.0
109933,0.0
109937,0.0
109988,1.0
110020,1.0
110037,1.0
110043,0.0
110051,0.0
110074,0.0
110079,1.0
110140,0.0
110150,0.0
110183,1.0
110189,1.0
110220,0.0
110227,0.0
110269,1.0
110271,0.0
110280,0.0
110286,0.0
110324,0.0
110333,0.0
110366,1.0
110396,0.0
110398,0.0
110424,1.0
110488,0.0
110502,0.0
110504,0.0
110560,1.0
110619,0.0
110640,0.0
110650,0.0
110659,0.0
110670,0.0
110684,1.0
110699,0.0
110702,1.0
110786,0.0
110827,1.0
110834,1.0
110843,1.0
110848,0.0
110890,1.0
110897,0.0
110932,0.0
110946,0.0
110951,0.0
110963,0.0
110975,1.0
111035,1.0
111039,0.0
111040,0.0
111051,0.0
111071,0.0
111072,0.0
111099,0.0
111146,0.0
111154,0.0
111198,0.0
111262,0.0
111309,0.0
111327,0.0
111346,1.0
111359,1.0
111362,0.0
111385,0.0
111393,0.0
111409,0.0
111419,0.0
111437,1.0
111486,1.0
111505,1.0
111530,0.0
111535,0.0
111543,0.0
111575,0.0
111592,0.0
111674,0.0
111676,0.0
111683,0.0
111695,0.0
111715,0.0
111726,0.0
111777,0.0
111827,0.0
111831,1.0
111843,1.0
111865,0.0
111887,1.0
111905,0.0
111926,0.0
111928,0.0
111933,0.0
111944,0.0
111951,0.0
111962,0.0
111964,0.0
111978,1.0
112021,0.0
112046,0.0
112080,1.0
112081,0.0
112105,1.0
112110,0.0
112127,0.0
112133,0.0
112142,1.0
112154,0.0
112176,1.0
112178,0.0
112193,0.0
112208,0.0
112218,0.0
112228,0.0
112232,0.0
112235,0.0
112254,0.0
112265,1.0
112275,0.0
112285,0.0
112300,0.0
112302,0.0
112319,1.0
112357,0.0
112358,0.0
112369,0.0
112386,0.0
112397,1.0
112448,1.0
112479,0.0
112514,1.0
112525,1.0
112533,0.0
112536,1.0
112552,0.0
112554,0.0
112574,1.0
112575,0.0
112578,0.0
112583,0.0
112586,0.0
112589,0.0
112597,1.0
112614,0.0
112619,0.0
112621,1.0
112633,0.0
112645,0.0
112650,0.0
112654,1.0
112671,1.0
112731,0.0
112771,0.0
112824,0.0
112833,1.0
112850,0.0
112873,0.0
112886,0.0
112898,1.0
112934,0.0
112944,0.0
113007,1.0
113055,0.0
113084,0.0
113093,0.0
113113,0.0
113118,0.0
113189,1.0
113307,0.0
113325,0.0
113353,0.0
113389,0.0
113419,0.0
113423,0.0
113449,1.0
113465,0.0
113468,0.0
113471,0.0
113518,1.0
113535,1.0
113545,0.0
113556,0.0
113575,0.0
113577,0.0
113583,1.0
113594,0.0
113653,1.0
113676,1.0
113692,0.0
113712,1.0
113715,1.0
113792,0.0
113798,0.0
113799,0.0
113812,0.0
113856,0.0
113858,0.0
113887,1.0
113980,1.0
113983,0.0
113989,1.0
113993,0.0
114046,0.0
114083,1.0
114089,1.0
114139,0.0
114153,0.0
114156,1.0
114183,0.0
114186,0.0
114216,1.0
114225,1.0
114239,1.0
114247,0.0
114252,1.0
114256,1.0
114280,1.0
114339,0.0
114377,1.0
114383,0.0
114412,1.0
114438,0.0
114439,0.0
114489,0.0
114506,1.0
114564,0.0
114572,1.0
114589,1.0
114596,0.0
114634,0.0
114644,0.0
114690,1.0
114724,1.0
114767,0.0
114819,0.0
114825,0.0
114851,1.0
114864,0.0
114883,0.0
114904,0.0
114908,1.0
114926,0.0
114943,0.0
114977,1.0
114997,1.0
114998,1.0
114999,0.0
115001,1.0
115020,0.0
115023,0.0
115048,0.0
115066,1.0
115112,0.0
115118,1.0
115120,0.0
115145,0.0
115151,1.0
115154,0.0
115187,0.0
115188,0.0
115213,0.0
115224,0.0
115232,0.0
115238,1.0
115274,0.0
115277,1.0
115304,1.0
115341,0.0
115344,0.0
115399,0.0
115401,0.0
115440,0.0
115460,0.0
115470,0.0
115483,0.0
115487,1.0
115493,0.0
115510,0.0
115528,0.0
115537,1.0
115540,0.0
115546,0.0
115554,1.0
115596,0.0
115624,0.0
115642,0.0
115661,1.0
115683,0.0
115692,0.0
115734,0.0
115739,1.0
115784,0.0
115786,0.0
115790,0.0
115798,0.0
115813,0.0
115840,0.0
115893,1.0
115898,0.0
115904,0.0
115908,0.0
115911,1.0
115930,1.0
115952,0.0
115986,0.0
115987,0.0
116013,0.0
116036,0.0
116038,0.0
116048,0.0
116065,0.0
116094,0.0
116103,0.0
116107,0.0
116178,0.0
116185,0.0
116186,1.0
116187,0.0
116232,0.0
116240,0.0
116275,0.0
116278,0.0
116339,1.0
116352,0.0
116359,0.0
116381,1.0
116405,1.0
116432,0.0
116451,1.0
116453,0.0
116456,0.0
116482,0.0
116489,0.0
116495,0.0
116513,1.0
116532,0.0
116570,0.0
116628,0.0
116673,0.0
116686,0.0
116689,0.0
116713,0.0
116779,1.0
116784,0.0
116790,0.0
116798,0.0
116836,0.0
116845,1.0
116895,0.0
116902,0.0
116929,0.0
116935,1.0
116946,0.0
116998,0.0
117003,1.0
117009,0.0
117036,1.0
117045,1.0
117047,0.0
117061,1.0
117070,0.0
117130,0.0
117132,0.0
117147,0.0
117175,1.0
117203,0.0
117234,1.0
117254,0.0
117256,0.0
117280,0.0
117305,0.0
117321,0.0
117360,0.0
117387,0.0
117416,0.0
117430,0.0
117450,1.0
117451,0.0
117455,0.0
117466,0.0
117480,0.0
117484,0.0
117489,0.0
117529,0.0
117536,0.0
117543,0.0
117555,0.0
117578,0.0
117583,1.0
117607,0.0
117613,0.0
117633,0.0
117658,0.0
117663,0.0
117690,0.0
117707,0.0
117757,0.0
117780,0.0
117849,0.0
117859,0.0
117896,0.0
117897,0.0
117924,0.0
117987,1.0
118013,0.0
118081,0.0
118163,1.0
118178,0.0
118183,1.0
118204,1.0
118209,1.0
118213,0.0
118214,0.0
118238,0.0
118254,0.0
118280,1.0
118286,0.0
118331,1.0
118357,0.0
118360,1.0
118362,0.0
118401,0.0
118420,0.0
118421,0.0
118423,1.0
118431,0.0
118475,1.0
118493,0.0
118509,0.0
118543,0.0
118561,0.0
118562,0.0
118574,0.0
118580,0.0
118594,1.0
118622,0.0
118669,0.0
118746,1.0
118783,0.0
118791,0.0
118809,0.0
118839,0.0
118876,0.0
118894,0.0
118899,0.0
118921,1.0
118922,0.0
118935,0.0
118953,0.0
118987,0.0
118989,0.0
119002,0.0
119014,0.0
119078,0.0
119080,0.0
119087,0.0
119093,0.0
119106,0.0
119160,0.0
119169,0.0
119181,0.0
119213,0.0
119219,0.0
119278,1.0
119299,0.0
119344,1.0
119345,1.0
119356,0.0
119373,
